,RMSE,MAE
Improved_Matrix_Factorization,1.0501063684809417,0.8407414828377585
Deep_Two_Tower,1.0470702609778615,0.836392128299783
Advanced_Neural_MF,1.056843016920409,0.8490893513429276
